{"cameraMode":{"drawMode":0,"name":"Shaded","section":"Shading Mode"},"sceneLighting":true,"audioPlay":false,"sceneViewState":{"showFog":true,"showMaterialUpdate":false,"showSkybox":true,"showFlares":true,"showImageEffects":true,"showParticleSystems":true,"showVisualEffectGraphs":true,"m_FxEnabled":true},"in2DMode":false,"pivot":{"x":3.440000057220459,"y":-1.309999942779541,"z":3.440000057220459},"rotation":{"x":0.07694991677999497,"y":0.31903672218322756,"z":-0.026000717654824258,"w":0.9443055987358093},"size":0.8660253882408142,"orthographic":false}